Date,Day,Susceptible,Infected,Recovered,Aware,New_Infections
2025-10-13,1,1219,6,0,0,0
2025-10-14,2,1219,6,0,0,0
2025-10-15,3,1219,6,0,0,0
2025-10-16,4,1194,31,0,2,25
2025-10-17,5,1194,29,0,5,0
2025-10-18,6,1194,29,2,13,0
2025-10-19,7,1194,27,2,11,0
2025-10-20,8,1157,61,7,14,47
2025-10-21,9,1157,56,10,45,0
2025-10-22,10,1157,56,12,46,0
2025-10-23,11,1157,50,17,41,0
2025-10-24,12,1099,102,24,82,73
2025-10-25,13,1099,93,32,82,0
2025-10-26,14,1099,82,41,80,0
2025-10-27,15,1039,136,50,180,85
2025-10-28,16,1039,123,62,177,0
2025-10-29,17,1039,108,75,170,0
2025-10-30,18,972,171,82,329,103
2025-10-31,19,972,154,98,332,0
2025-11-01,20,972,139,113,327,0
2025-11-02,21,909,183,133,605,87
2025-11-03,22,909,164,152,603,0
2025-11-04,23,909,140,174,588,0
2025-11-05,24,870,154,201,876,46
2025-11-06,25,870,135,220,860,0
2025-11-07,26,870,115,240,843,0
2025-11-08,27,834,122,269,904,43
2025-11-09,28,834,101,290,886,0
2025-11-10,29,834,87,304,875,0
2025-11-11,30,804,104,317,867,33
2025-11-12,31,804,91,330,854,0
2025-11-13,32,804,77,344,841,0
2025-11-14,33,773,100,352,831,33
2025-11-15,34,773,80,372,813,0
2025-11-16,35,773,70,382,806,0
2025-11-17,36,747,80,398,795,28
2025-11-18,37,747,71,407,787,0
2025-11-19,38,747,56,422,772,0
2025-11-20,39,747,50,428,792,0
2025-11-21,40,721,65,439,755,27
2025-11-22,41,721,57,447,747,0
2025-11-23,42,721,50,454,765,0
2025-11-24,43,721,40,464,757,0
2025-11-25,44,709,47,469,740,13
2025-11-26,45,709,39,477,743,0
2025-11-27,46,709,29,487,733,0
2025-11-28,47,709,22,494,727,0
2025-11-29,48,703,21,501,716,6
2025-11-30,49,703,17,505,712,0
2025-12-01,50,703,15,507,710,0
2025-12-02,51,703,12,510,713,0
2025-12-03,52,697,16,512,705,6
2025-12-04,53,697,13,515,702,0
2025-12-05,54,697,11,517,705,0
2025-12-06,55,697,11,517,705,0
2025-12-07,56,692,15,518,700,6
2025-12-08,57,692,13,520,704,0
2025-12-09,58,692,11,522,702,0
2025-12-10,59,692,9,524,700,0
2025-12-11,60,692,6,527,698,0
